{
  "lang":"en",
  "name":"pipeline",
  "version":"0.0.0",
  "spacy_version":">=3.7.6,<3.8.0",
  "description":"",
  "author":"",
  "email":"",
  "url":"",
  "license":"",
  "spacy_git_version":"319e025",
  "vectors":{
    "width":0,
    "vectors":0,
    "keys":0,
    "name":null,
    "mode":"default"
  },
  "labels":{
    "tok2vec":[

    ],
    "ner":[
      "ASSESSMENT_TOOL",
      "BIOLOGICAL",
      "BODY_PART",
      "CONDITION",
      "COUNTRY",
      "DISEASE",
      "DRUG",
      "INTERVENTION",
      "LOCATION",
      "OCCUPATION",
      "ORG",
      "POPULATION",
      "PUBLIC_HEALTH_CONCERN",
      "STUDY_DESIGN",
      "SUBSTANCE"
    ]
  },
  "pipeline":[
    "tok2vec",
    "ner"
  ],
  "components":[
    "tok2vec",
    "ner"
  ],
  "disabled":[

  ],
  "performance":{
    "ents_f":0.9807030354,
    "ents_p":0.9884356602,
    "ents_r":0.9730904575,
    "ents_per_type":{
      "STUDY_DESIGN":{
        "p":1.0,
        "r":0.962962963,
        "f":0.9811320755
      },
      "LOCATION":{
        "p":0.996835443,
        "r":0.987460815,
        "f":0.9921259843
      },
      "CONDITION":{
        "p":0.9854202401,
        "r":0.9871134021,
        "f":0.9862660944
      },
      "COUNTRY":{
        "p":0.9951219512,
        "r":0.9831325301,
        "f":0.9890909091
      },
      "BODY_PART":{
        "p":1.0,
        "r":0.9420289855,
        "f":0.9701492537
      },
      "INTERVENTION":{
        "p":0.986636971,
        "r":0.9651416122,
        "f":0.9757709251
      },
      "DRUG":{
        "p":0.995412844,
        "r":0.9819004525,
        "f":0.9886104784
      },
      "ASSESSMENT_TOOL":{
        "p":1.0,
        "r":1.0,
        "f":1.0
      },
      "DISEASE":{
        "p":1.0,
        "r":1.0,
        "f":1.0
      },
      "ORG":{
        "p":0.9726027397,
        "r":0.9568733154,
        "f":0.964673913
      },
      "POPULATION":{
        "p":0.9936708861,
        "r":0.9602446483,
        "f":0.9766718507
      },
      "OCCUPATION":{
        "p":0.9806451613,
        "r":0.9268292683,
        "f":0.9529780564
      },
      "BIOLOGICAL":{
        "p":0.9813664596,
        "r":0.9673469388,
        "f":0.9743062693
      },
      "SUBSTANCE":{
        "p":1.0,
        "r":1.0,
        "f":1.0
      },
      "PUBLIC_HEALTH_CONCERN":{
        "p":0.9523809524,
        "r":0.7142857143,
        "f":0.8163265306
      }
    },
    "tok2vec_loss":946.0729767633,
    "ner_loss":375.8238939233
  }
}