{
  "lang":"en",
  "name":"pipeline",
  "version":"0.0.0",
  "spacy_version":">=3.7.6,<3.8.0",
  "description":"",
  "author":"",
  "email":"",
  "url":"",
  "license":"",
  "spacy_git_version":"319e025",
  "vectors":{
    "width":0,
    "vectors":0,
    "keys":0,
    "name":null,
    "mode":"default"
  },
  "labels":{
    "tok2vec":[

    ],
    "ner":[
      "ASSESSMENT_TOOL",
      "BIOLOGICAL",
      "BODY_PART",
      "CONDITION",
      "COUNTRY",
      "DISEASE",
      "DRUG",
      "INTERVENTION",
      "LOCATION",
      "OCCUPATION",
      "ORG",
      "POPULATION",
      "PUBLIC_HEALTH_CONCERN",
      "STUDY_DESIGN",
      "SUBSTANCE"
    ]
  },
  "pipeline":[
    "tok2vec",
    "ner"
  ],
  "components":[
    "tok2vec",
    "ner"
  ],
  "disabled":[

  ],
  "performance":{
    "ents_f":0.9814428691,
    "ents_p":0.988657845,
    "ents_r":0.9743324363,
    "ents_per_type":{
      "STUDY_DESIGN":{
        "p":0.9638554217,
        "r":0.987654321,
        "f":0.9756097561
      },
      "LOCATION":{
        "p":0.9968253968,
        "r":0.9843260188,
        "f":0.9905362776
      },
      "CONDITION":{
        "p":0.987091222,
        "r":0.985395189,
        "f":0.9862424764
      },
      "COUNTRY":{
        "p":0.9927536232,
        "r":0.9903614458,
        "f":0.9915560917
      },
      "BODY_PART":{
        "p":1.0,
        "r":0.9275362319,
        "f":0.962406015
      },
      "INTERVENTION":{
        "p":0.9933035714,
        "r":0.9694989107,
        "f":0.9812568908
      },
      "DRUG":{
        "p":0.9931584949,
        "r":0.9852941176,
        "f":0.9892106758
      },
      "ASSESSMENT_TOOL":{
        "p":1.0,
        "r":1.0,
        "f":1.0
      },
      "DISEASE":{
        "p":1.0,
        "r":1.0,
        "f":1.0
      },
      "ORG":{
        "p":0.9725274725,
        "r":0.9541778976,
        "f":0.9632653061
      },
      "POPULATION":{
        "p":1.0,
        "r":0.9602446483,
        "f":0.9797191888
      },
      "OCCUPATION":{
        "p":0.9869281046,
        "r":0.9207317073,
        "f":0.952681388
      },
      "BIOLOGICAL":{
        "p":0.979338843,
        "r":0.9673469388,
        "f":0.9733059548
      },
      "SUBSTANCE":{
        "p":1.0,
        "r":1.0,
        "f":1.0
      },
      "PUBLIC_HEALTH_CONCERN":{
        "p":0.9565217391,
        "r":0.7857142857,
        "f":0.862745098
      }
    },
    "tok2vec_loss":880.4225830598,
    "ner_loss":431.9930532894
  }
}